{"metrics": [16.440352021559242], "architecture": [9651, 100, 100, 9651], "look_back": 2}
{"metrics": [16.797824129787458], "architecture": [9651, 100, 100, 9651], "look_back": 3}
{"metrics": [16.440352021559242, 16.612848143314938, 16.70268764004904, 16.790002069871658, 16.869786410063615, 16.83081653213258, 16.766513323035124, 16.623751294146974, 16.8937125446832, 16.961458948747527], "architecture": [9651, 100, 100, 9651], "look_back": 2}
